122313,Deep Work,Cal Newport,2,Deep work is valuable,Deep work is rare
124323,Atomic Habits,James Clear,2,Atomic habits are actually atomic,Atomic habits are good
322437,Frogs,captain black,2,Frooooog,oooog
987634,Dogs,Loza,3,meow,yalla?,meow
578906,Welad Elwes5a,elnoby,2,kol ma 25d 5atwa 2rg3 talata zayha,bla2y nfsy leh fel tyn
121231,OOPS,Abyusif,2,haitham elsystem,mfe4 7d b3tmdo
123499,Super Learning 2000,Ortega,2,Brain IQ to 2000,Super Meditation
123456,Deep Shit,ooo,2,gh,hg
879609,Limitless,Matt Murdock,4,limitless is good for your brain,Keep your intake of Vitamin D,Lorem Ibsum bla bla bla,Keep your brain hard
122222,Testing the System,Zeyad Hesham,3,Ana m4 3arfny,Ana Toht mny,Ana m4 ana
